locality,locality_slug,bhk,rent_min_inr,rent_max_inr,source_name,source_url,as_of
Baner,baner,1,12000,31000,Magicbricks,https://www.magicbricks.com/1-bhk-flats-for-rent-in-baner-pune-pppfr,2026-10-09
Baner,baner,2,28000,45000,Magicbricks,https://www.magicbricks.com/2-bhk-flats-for-rent-in-baner-pune-pppfr,2026-10-09
Baner,baner,3,37000,130000,Magicbricks,https://www.magicbricks.com/3-bhk-flats-for-rent-in-baner-pune-pppfr,2026-10-09
Aundh,aundh,2,25000,50000,Magicbricks,https://www.magicbricks.com/2-bhk-flats-for-rent-in-aundh-pune-pppfr,2026-10-09
Aundh,aundh,3,36000,120000,Magicbricks,https://www.magicbricks.com/3-bhk-flats-for-rent-in-aundh-pune-pppfr,2026-10-09
Balewadi,balewadi,2,29000,48000,Magicbricks,https://www.magicbricks.com/2-bhk-flats-for-rent-in-balewadi-pune-pppfr,2026-10-09
Balewadi,balewadi,3,40000,110000,Magicbricks,https://www.magicbricks.com/3-bhk-flats-for-rent-in-balewadi-pune-pppfr,2026-10-09
Hadapsar,hadapsar,1,9000,33000,Magicbricks,https://www.magicbricks.com/1-bhk-flats-for-rent-in-hadapsar-pune-pppfr,2026-10-09
Hadapsar,hadapsar,2,18000,52000,Magicbricks,https://www.magicbricks.com/2-bhk-flats-for-rent-in-hadapsar-pune-pppfr,2026-10-09
Hadapsar,hadapsar,3,35000,110000,Magicbricks,https://www.magicbricks.com/3-bhk-flats-for-rent-in-hadapsar-pune-pppfr,2026-10-09
Hinjawadi,hinjawadi,1,7000,28000,Magicbricks,https://www.magicbricks.com/1-bhk-flats-for-rent-in-hinjewadi-pune-pppfr,2026-10-09
Hinjawadi,hinjawadi,2,15000,40000,Magicbricks,https://www.magicbricks.com/2-bhk-flats-for-rent-in-hinjewadi-pune-pppfr,2026-10-09
Hinjawadi,hinjawadi,3,14000,56000,Magicbricks,https://www.magicbricks.com/3-bhk-flats-for-rent-in-hinjewadi-pune-pppfr,2026-10-09
Kharadi,kharadi,1,12000,32000,Magicbricks,https://www.magicbricks.com/1-bhk-flats-for-rent-in-kharadi-pune-pppfr,2026-10-09
Kharadi,kharadi,2,29000,52000,Magicbricks,https://www.magicbricks.com/2-bhk-flats-for-rent-in-kharadi-pune-pppfr,2026-10-09
Kharadi,kharadi,3,42000,140000,Magicbricks,https://www.magicbricks.com/3-bhk-flats-for-rent-in-kharadi-pune-pppfr,2026-10-09
Koregaon Park,koregaon-park,2,35000,70000,Magicbricks,https://www.magicbricks.com/2-bhk-flats-for-rent-in-koregaon-park-pune-pppfr,2026-10-09
Koregaon Park,koregaon-park,3,50000,220000,Magicbricks,https://www.magicbricks.com/3-bhk-flats-for-rent-in-koregaon-park-pune-pppfr,2026-10-09
Kothrud,kothrud,1,12000,30000,Magicbricks,https://www.magicbricks.com/1-bhk-flats-for-rent-in-kothrud-pune-pppfr,2026-10-09
Kothrud,kothrud,2,25000,50000,Magicbricks,https://www.magicbricks.com/2-bhk-flats-for-rent-in-kothrud-pune-pppfr,2026-10-09
Kothrud,kothrud,3,37000,75000,Magicbricks,https://www.magicbricks.com/3-bhk-flats-for-rent-in-kothrud-pune-pppfr,2026-10-09
Magarpatta,magarpatta,1,23000,32000,Magicbricks,https://www.magicbricks.com/1-bhk-flats-for-rent-in-magarpatta-city-pune-pppfr,2026-10-09
Magarpatta,magarpatta,2,33000,50000,Magicbricks,https://www.magicbricks.com/2-bhk-flats-for-rent-in-magarpatta-city-pune-pppfr,2026-10-09
Magarpatta,magarpatta,3,46000,130000,Magicbricks,https://www.magicbricks.com/3-bhk-flats-for-rent-in-magarpatta-city-pune-pppfr,2026-10-09
Pimple Saudagar,pimple-saudagar,1,14000,26000,Magicbricks,https://www.magicbricks.com/1-bhk-flats-for-rent-in-pimple-saudagar-pune-pppfr,2026-10-09
Pimple Saudagar,pimple-saudagar,2,23000,36000,Magicbricks,https://www.magicbricks.com/2-bhk-flats-for-rent-in-pimple-saudagar-pune-pppfr,2026-10-09
Pimple Saudagar,pimple-saudagar,3,30000,55000,Magicbricks,https://www.magicbricks.com/3-bhk-flats-for-rent-in-pimple-saudagar-pune-pppfr,2026-10-09
Viman Nagar,viman-nagar,1,12000,45000,Magicbricks,https://www.magicbricks.com/1-bhk-flats-for-rent-in-viman-nagar-pune-pppfr,2026-10-09
Viman Nagar,viman-nagar,2,35000,60000,Magicbricks,https://www.magicbricks.com/2-bhk-flats-for-rent-in-viman-nagar-pune-pppfr,2026-10-09
Viman Nagar,viman-nagar,3,50000,120000,Magicbricks,https://www.magicbricks.com/3-bhk-flats-for-rent-in-viman-nagar-pune-pppfr,2026-10-09
Wakad,wakad,1,15000,27000,Magicbricks,https://www.magicbricks.com/1-bhk-flats-for-rent-in-wakad-pune-pppfr,2026-10-09
Wakad,wakad,2,25000,40000,Magicbricks,https://www.magicbricks.com/2-bhk-flats-for-rent-in-wakad-pune-pppfr,2026-10-09
Wakad,wakad,3,33000,60000,Magicbricks,https://www.magicbricks.com/3-bhk-flats-for-rent-in-wakad-pune-pppfr,2026-10-09
